{
    "gamma": 2.4,
    "sensitivities":
    {
        "green":
            [
              [365.0, 1.0064999999999999e-07],
              [370.0, 6.511e-07],
              [375.0, 3.625e-06],
              [380.0, 1.7364000000000002e-05],
              [385.0, 7.156e-05],
              [390.0, 0.0002534],
              [395.0, 0.0007685],
              [400.0, 0.0020044],
              [405.0, 0.004509],
              [410.0, 0.008756],
              [415.0, 0.014456],
              [420.0, 0.021391],
              [425.0, 0.029497],
              [430.0, 0.038676],
              [435.0, 0.049602],
              [440.0, 0.062077],
              [445.0, 0.074704],
              [450.0, 0.089456],
              [455.0, 0.106256],
              [460.0, 0.128201],
              [465.0, 0.152761],
              [470.0, 0.18519],
              [475.0, 0.21994],
              [480.0, 0.253589],
              [485.0, 0.297665],
              [490.0, 0.339133],
              [495.0, 0.395379],
              [500.0, 0.460777],
              [505.0, 0.53136],
              [510.0, 0.606741],
              [515.0, 0.68566],
              [520.0, 0.761757],
              [525.0, 0.82333],
              [530.0, 0.875211],
              [535.0, 0.92381],
              [540.0, 0.961988],
              [545.0, 0.9822],
              [550.0, 0.991761],
              [555.0, 0.99911],
              [560.0, 0.99734],
              [565.0, 0.98238],
              [570.0, 0.955552],
              [575.0, 0.915175],
              [580.0, 0.868934],
              [585.0, 0.825623],
              [590.0, 0.777405],
              [595.0, 0.720353],
              [600.0, 0.658341],
              [605.0, 0.593878],
              [610.0, 0.527963],
              [615.0, 0.461834],
              [620.0, 0.398057],
              [625.0, 0.339554],
              [630.0, 0.283493],
              [635.0, 0.228254],
              [640.0, 0.179828],
              [645.0, 0.140211],
              [650.0, 0.107633],
              [655.0, 0.081187],
              [660.0, 0.060281],
              [665.0, 0.044096],
              [670.0, 0.0318004],
              [675.0, 0.0226017],
              [680.0, 0.0159051],
              [685.0, 0.0111303],
              [690.0, 0.0077488],
              [695.0, 0.0053751],
              [700.0, 0.00371774],
              [705.0, 0.00256456],
              [710.0, 0.00176847],
              [715.0, 0.00122239],
              [720.0, 0.00084619],
              [725.0, 0.00058644],
              [730.0, 0.00040741],
              [735.0, 0.00028404099999999996],
              [740.0, 0.00019873],
              [745.0, 0.00013955],
              [750.0, 9.842799999999999e-05],
              [755.0, 6.981899999999999e-05],
              [760.0, 4.9736999999999995e-05],
              [765.0, 3.55405e-05],
              [770.0, 2.5486e-05],
              [775.0, 1.83384e-05],
              [780.0, 1.3249000000000001e-05],
              [785.0, 9.6196e-06],
              [790.0, 7.0128e-06],
              [795.0, 5.1298e-06],
              [800.0, 3.76473e-06],
              [805.0, 2.77081e-06],
              [810.0, 2.04613e-06],
              [815.0, 1.5167699999999998e-06],
              [820.0, 1.12809e-06],
              [825.0, 8.421599999999999e-07],
              [830.0, 6.297e-07]
            ],
        "blue":
            [
              [365.0, 4.0283e-06],
              [370.0, 2.61437e-05],
              [375.0, 0.00014622],
              [380.0, 0.0007047760000000001],
              [385.0, 0.0029278],
              [390.0, 0.0104822],
              [395.0, 0.032344],
              [400.0, 0.0860109],
              [405.0, 0.19712],
              [410.0, 0.389366],
              [415.0, 0.65676],
              [420.0, 0.972542],
              [425.0, 1.2825],
              [430.0, 1.55348],
              [435.0, 1.7985],
              [440.0, 1.96728],
              [445.0, 2.0273],
              [450.0, 1.9948],
              [455.0, 1.9007],
              [460.0, 1.74537],
              [465.0, 1.5549],
              [470.0, 1.31756],
              [475.0, 1.0302],
              [480.0, 0.772125],
              [485.0, 0.57006],
              [490.0, 0.415254],
              [495.0, 0.302356],
              [500.0, 0.218502],
              [505.0, 0.159249],
              [510.0, 0.112044],
              [515.0, 0.082248],
              [520.0, 0.060709],
              [525.0, 0.04305],
              [530.0, 0.030451],
              [535.0, 0.020584],
              [540.0, 0.013676],
              [545.0, 0.007918],
              [550.0, 0.003988],
              [555.0, 0.001091],
              [560.0, 0.0],
              [565.0, 0.0],
              [570.0, 0.0],
              [575.0, 0.0],
              [580.0, 0.0],
              [585.0, 0.0],
              [590.0, 0.0],
              [595.0, 0.0],
              [600.0, 0.0],
              [605.0, 0.0],
              [610.0, 0.0],
              [615.0, 0.0],
              [620.0, 0.0],
              [625.0, 0.0],
              [630.0, 0.0],
              [635.0, 0.0],
              [640.0, 0.0],
              [645.0, 0.0],
              [650.0, 0.0],
              [655.0, 0.0],
              [660.0, 0.0],
              [665.0, 0.0],
              [670.0, 0.0],
              [675.0, 0.0],
              [680.0, 0.0],
              [685.0, 0.0],
              [690.0, 0.0],
              [695.0, 0.0],
              [700.0, 0.0],
              [705.0, 0.0],
              [710.0, 0.0],
              [715.0, 0.0],
              [720.0, 0.0],
              [725.0, 0.0],
              [730.0, 0.0],
              [735.0, 0.0],
              [740.0, 0.0],
              [745.0, 0.0],
              [750.0, 0.0],
              [755.0, 0.0],
              [760.0, 0.0],
              [765.0, 0.0],
              [770.0, 0.0],
              [775.0, 0.0],
              [780.0, 0.0],
              [785.0, 0.0],
              [790.0, 0.0],
              [795.0, 0.0],
              [800.0, 0.0],
              [805.0, 0.0],
              [810.0, 0.0],
              [815.0, 0.0],
              [820.0, 0.0],
              [825.0, 0.0],
              [830.0, 0.0]
            ],